time,action_idx,lights_on,state,rewarded_states,choice,action,reward_time,n_rewards,mouse_rotation,maze_rotation,note,adjacency_file,st_positions_file,start_state,reward_duration
251120-170248,0,"[False, True, False, True]",1,"[0, 5, 6, 7, 11, 12, 13, 15, 16, 17, 18, 20, 21, 22, 23]","['E', 14]",right,251120-170248,1,90,270,,250311_latMaz103-adjacency.csv,240507_latent_maze_004-5x5-state_positions.csv,0,"{'N': 0.059500000000000004, 'S': 0.04675, 'W': 0.05525, 'E': 0.051}"
251120-170309,1,"[True, False, False, True]",6,"[0, 5, 7, 11, 12, 13, 15, 16, 17, 18, 20, 21, 22, 23]","['N', 2]",right,251120-170309,2,180,180,,250311_latMaz103-adjacency.csv,240507_latent_maze_004-5x5-state_positions.csv,0,"{'N': 0.059500000000000004, 'S': 0.04675, 'W': 0.05525, 'E': 0.051}"
251120-170345,2,"[True, True, True, True]",5,"[0, 7, 11, 12, 13, 15, 16, 17, 18, 20, 21, 22, 23]","['W', 11]",right,251120-170345,3,270,90,,250311_latMaz103-adjacency.csv,240507_latent_maze_004-5x5-state_positions.csv,0,"{'N': 0.059500000000000004, 'S': 0.04675, 'W': 0.05525, 'E': 0.051}"
251120-170404,3,"[False, True, True, False]",0,"[7, 11, 12, 13, 15, 16, 17, 18, 20, 21, 22, 23]","['S', 10]",right,251120-170404,4,0,0,,250311_latMaz103-adjacency.csv,240507_latent_maze_004-5x5-state_positions.csv,0,"{'N': 0.059500000000000004, 'S': 0.04675, 'W': 0.05525, 'E': 0.051}"
251120-170433,4,"[False, True, False, True]",1,"[7, 11, 12, 13, 15, 16, 17, 18, 20, 21, 22, 23]","['E', 14]",right,NA,4,90,270,,250311_latMaz103-adjacency.csv,240507_latent_maze_004-5x5-state_positions.csv,0,"{'N': 0.059500000000000004, 'S': 0.04675, 'W': 0.05525, 'E': 0.051}"
251120-170538,5,"[True, False, False, True]",6,"[7, 11, 12, 13, 15, 16, 17, 18, 20, 21, 22, 23]","['N', 2]",right,NA,4,180,180,,250311_latMaz103-adjacency.csv,240507_latent_maze_004-5x5-state_positions.csv,0,"{'N': 0.059500000000000004, 'S': 0.04675, 'W': 0.05525, 'E': 0.051}"
251120-170722,6,"[True, True, True, True]",5,"[7, 11, 12, 13, 15, 16, 17, 18, 20, 21, 22, 23]","['W', 11]",right,NA,4,270,90,,250311_latMaz103-adjacency.csv,240507_latent_maze_004-5x5-state_positions.csv,0,"{'N': 0.059500000000000004, 'S': 0.04675, 'W': 0.05525, 'E': 0.051}"
251120-170810,7,"[False, True, True, False]",0,"[7, 11, 12, 13, 15, 16, 17, 18, 20, 21, 22, 23]","['S', 10]",right,NA,4,0,0,,250311_latMaz103-adjacency.csv,240507_latent_maze_004-5x5-state_positions.csv,0,"{'N': 0.059500000000000004, 'S': 0.04675, 'W': 0.05525, 'E': 0.051}"
251120-170839,8,"[False, True, False, True]",1,"[7, 11, 12, 13, 15, 16, 17, 18, 20, 21, 22, 23]","['E', 14]",right,NA,4,90,270,,250311_latMaz103-adjacency.csv,240507_latent_maze_004-5x5-state_positions.csv,0,"{'N': 0.059500000000000004, 'S': 0.04675, 'W': 0.05525, 'E': 0.051}"
251120-170852,9,"[True, False, False, True]",6,"[7, 11, 12, 13, 15, 16, 17, 18, 20, 21, 22, 23]","['N', 2]",right,NA,4,180,180,,250311_latMaz103-adjacency.csv,240507_latent_maze_004-5x5-state_positions.csv,0,"{'N': 0.059500000000000004, 'S': 0.04675, 'W': 0.05525, 'E': 0.051}"
251120-171901,10,"[True, True, True, True]",7,"[11, 12, 13, 15, 16, 17, 18, 20, 21, 22, 23]","['E', 14]",left,251120-171901,5,90,270,,250311_latMaz103-adjacency.csv,240507_latent_maze_004-5x5-state_positions.csv,0,"{'N': 0.059500000000000004, 'S': 0.04675, 'W': 0.05525, 'E': 0.051}"
251120-171923,11,"[True, False, False, True]",12,"[11, 13, 15, 16, 17, 18, 20, 21, 22, 23]","['N', 2]",right,251120-171923,6,180,180,,250311_latMaz103-adjacency.csv,240507_latent_maze_004-5x5-state_positions.csv,0,"{'N': 0.059500000000000004, 'S': 0.04675, 'W': 0.05525, 'E': 0.051}"
251120-171950,12,"[True, False, True, True]",11,"[13, 15, 16, 17, 18, 20, 21, 22, 23]","['W', 11]",right,251120-171950,7,270,90,,250311_latMaz103-adjacency.csv,240507_latent_maze_004-5x5-state_positions.csv,0,"{'N': 0.059500000000000004, 'S': 0.04675, 'W': 0.05525, 'E': 0.051}"
251120-172016,13,"[False, True, True, False]",6,"[13, 15, 16, 17, 18, 20, 21, 22, 23]","['S', 10]",right,NA,7,0,0,,250311_latMaz103-adjacency.csv,240507_latent_maze_004-5x5-state_positions.csv,0,"{'N': 0.059500000000000004, 'S': 0.04675, 'W': 0.05525, 'E': 0.051}"
251120-172040,14,"[True, True, True, True]",5,"[13, 15, 16, 17, 18, 20, 21, 22, 23]","['W', 11]",left,NA,7,270,90,,250311_latMaz103-adjacency.csv,240507_latent_maze_004-5x5-state_positions.csv,0,"{'N': 0.059500000000000004, 'S': 0.04675, 'W': 0.05525, 'E': 0.051}"
251120-172600,15,"[False, True, True, False]",0,"[13, 15, 16, 17, 18, 20, 21, 22, 23]","['S', 10]",right,NA,7,0,0,,250311_latMaz103-adjacency.csv,240507_latent_maze_004-5x5-state_positions.csv,0,"{'N': 0.059500000000000004, 'S': 0.04675, 'W': 0.05525, 'E': 0.051}"
251120-172615,16,"[False, True, False, True]",1,"[13, 15, 16, 17, 18, 20, 21, 22, 23]","['E', 14]",right,NA,7,90,270,,250311_latMaz103-adjacency.csv,240507_latent_maze_004-5x5-state_positions.csv,0,"{'N': 0.059500000000000004, 'S': 0.04675, 'W': 0.05525, 'E': 0.051}"
251120-172627,17,"[True, False, False, True]",6,"[13, 15, 16, 17, 18, 20, 21, 22, 23]","['N', 2]",right,NA,7,180,180,,250311_latMaz103-adjacency.csv,240507_latent_maze_004-5x5-state_positions.csv,0,"{'N': 0.059500000000000004, 'S': 0.04675, 'W': 0.05525, 'E': 0.051}"
251120-172709,18,"[True, True, True, True]",5,"[13, 15, 16, 17, 18, 20, 21, 22, 23]","['W', 11]",right,NA,7,270,90,,250311_latMaz103-adjacency.csv,240507_latent_maze_004-5x5-state_positions.csv,0,"{'N': 0.059500000000000004, 'S': 0.04675, 'W': 0.05525, 'E': 0.051}"
251120-172838,19,"[False, True, True, False]",0,"[13, 15, 16, 17, 18, 20, 21, 22, 23]","['S', 10]",right,NA,7,0,0,,250311_latMaz103-adjacency.csv,240507_latent_maze_004-5x5-state_positions.csv,0,"{'N': 0.059500000000000004, 'S': 0.04675, 'W': 0.05525, 'E': 0.051}"
251120-172848,20,"[False, True, False, True]",1,"[13, 15, 16, 17, 18, 20, 21, 22, 23]","['E', 14]",right,NA,7,90,270,,250311_latMaz103-adjacency.csv,240507_latent_maze_004-5x5-state_positions.csv,0,"{'N': 0.059500000000000004, 'S': 0.04675, 'W': 0.05525, 'E': 0.051}"
251120-172908,21,"[True, False, False, True]",6,"[13, 15, 16, 17, 18, 20, 21, 22, 23]","['N', 2]",right,NA,7,180,180,,250311_latMaz103-adjacency.csv,240507_latent_maze_004-5x5-state_positions.csv,0,"{'N': 0.059500000000000004, 'S': 0.04675, 'W': 0.05525, 'E': 0.051}"
251120-173322,22,"[True, True, True, True]",5,"[13, 15, 16, 17, 18, 20, 21, 22, 23]","['W', 11]",right,NA,7,270,90,,250311_latMaz103-adjacency.csv,240507_latent_maze_004-5x5-state_positions.csv,0,"{'N': 0.059500000000000004, 'S': 0.04675, 'W': 0.05525, 'E': 0.051}"
251120-173341,23,"[False, True, True, False]",0,"[13, 15, 16, 17, 18, 20, 21, 22, 23]","['S', 10]",right,NA,7,0,0,,250311_latMaz103-adjacency.csv,240507_latent_maze_004-5x5-state_positions.csv,0,"{'N': 0.059500000000000004, 'S': 0.04675, 'W': 0.05525, 'E': 0.051}"
251120-173352,24,"[False, True, False, True]",1,"[13, 15, 16, 17, 18, 20, 21, 22, 23]","['E', 14]",right,NA,7,90,270,,250311_latMaz103-adjacency.csv,240507_latent_maze_004-5x5-state_positions.csv,0,"{'N': 0.059500000000000004, 'S': 0.04675, 'W': 0.05525, 'E': 0.051}"
251120-173402,25,"[True, False, False, True]",6,"[13, 15, 16, 17, 18, 20, 21, 22, 23]","['N', 2]",right,NA,7,180,180,,250311_latMaz103-adjacency.csv,240507_latent_maze_004-5x5-state_positions.csv,0,"{'N': 0.059500000000000004, 'S': 0.04675, 'W': 0.05525, 'E': 0.051}"
251120-173635,26,"[True, True, True, True]",5,"[13, 15, 16, 17, 18, 20, 21, 22, 23]","['W', 11]",right,NA,7,270,90,,250311_latMaz103-adjacency.csv,240507_latent_maze_004-5x5-state_positions.csv,0,"{'N': 0.059500000000000004, 'S': 0.04675, 'W': 0.05525, 'E': 0.051}"
251120-185345,27,"[False, True, True, False]",0,"[13, 15, 16, 17, 18, 20, 21, 22, 23]","['S', 10]",right,NA,7,0,0,,250311_latMaz103-adjacency.csv,240507_latent_maze_004-5x5-state_positions.csv,0,"{'N': 0.059500000000000004, 'S': 0.04675, 'W': 0.05525, 'E': 0.051}"
251120-185354,28,"[False, True, False, True]",1,"[13, 15, 16, 17, 18, 20, 21, 22, 23]","['E', 14]",right,NA,7,90,270,,250311_latMaz103-adjacency.csv,240507_latent_maze_004-5x5-state_positions.csv,0,"{'N': 0.059500000000000004, 'S': 0.04675, 'W': 0.05525, 'E': 0.051}"
251120-185403,29,"[True, False, False, True]",6,"[13, 15, 16, 17, 18, 20, 21, 22, 23]","['N', 2]",right,NA,7,180,180,,250311_latMaz103-adjacency.csv,240507_latent_maze_004-5x5-state_positions.csv,0,"{'N': 0.059500000000000004, 'S': 0.04675, 'W': 0.05525, 'E': 0.051}"
251120-185445,30,"[True, True, True, True]",5,"[13, 15, 16, 17, 18, 20, 21, 22, 23]","['W', 11]",right,NA,7,270,90,,250311_latMaz103-adjacency.csv,240507_latent_maze_004-5x5-state_positions.csv,0,"{'N': 0.059500000000000004, 'S': 0.04675, 'W': 0.05525, 'E': 0.051}"
251120-185557,31,"[False, True, True, False]",0,"[13, 15, 16, 17, 18, 20, 21, 22, 23]","['S', 10]",right,NA,7,0,0,,250311_latMaz103-adjacency.csv,240507_latent_maze_004-5x5-state_positions.csv,0,"{'N': 0.059500000000000004, 'S': 0.04675, 'W': 0.05525, 'E': 0.051}"
251120-185607,32,"[False, True, False, True]",1,"[13, 15, 16, 17, 18, 20, 21, 22, 23]","['E', 14]",right,NA,7,90,270,,250311_latMaz103-adjacency.csv,240507_latent_maze_004-5x5-state_positions.csv,0,"{'N': 0.059500000000000004, 'S': 0.04675, 'W': 0.05525, 'E': 0.051}"
251120-185616,33,"[True, False, False, True]",6,"[13, 15, 16, 17, 18, 20, 21, 22, 23]","['N', 2]",right,NA,7,180,180,,250311_latMaz103-adjacency.csv,240507_latent_maze_004-5x5-state_positions.csv,0,"{'N': 0.059500000000000004, 'S': 0.04675, 'W': 0.05525, 'E': 0.051}"
251120-193757,34,"[True, True, True, True]",5,"[13, 15, 16, 17, 18, 20, 21, 22, 23]","['W', 11]",right,NA,7,270,90,,250311_latMaz103-adjacency.csv,240507_latent_maze_004-5x5-state_positions.csv,0,"{'N': 0.059500000000000004, 'S': 0.04675, 'W': 0.05525, 'E': 0.051}"
251120-193851,35,"[False, True, True, False]",0,"[13, 15, 16, 17, 18, 20, 21, 22, 23]","['S', 10]",right,NA,7,0,0,,250311_latMaz103-adjacency.csv,240507_latent_maze_004-5x5-state_positions.csv,0,"{'N': 0.059500000000000004, 'S': 0.04675, 'W': 0.05525, 'E': 0.051}"
251120-193909,36,"[False, True, False, True]",1,"[13, 15, 16, 17, 18, 20, 21, 22, 23]","['E', 14]",right,NA,7,90,270,,250311_latMaz103-adjacency.csv,240507_latent_maze_004-5x5-state_positions.csv,0,"{'N': 0.059500000000000004, 'S': 0.04675, 'W': 0.05525, 'E': 0.051}"
251120-193924,37,"[True, False, False, True]",6,"[13, 15, 16, 17, 18, 20, 21, 22, 23]","['N', 2]",right,NA,7,180,180,,250311_latMaz103-adjacency.csv,240507_latent_maze_004-5x5-state_positions.csv,0,"{'N': 0.059500000000000004, 'S': 0.04675, 'W': 0.05525, 'E': 0.051}"
251120-202009,38,"[True, True, True, True]",5,"[13, 15, 16, 17, 18, 20, 21, 22, 23]","['W', 11]",right,NA,7,270,90,,250311_latMaz103-adjacency.csv,240507_latent_maze_004-5x5-state_positions.csv,0,"{'N': 0.059500000000000004, 'S': 0.04675, 'W': 0.05525, 'E': 0.051}"
251120-202028,39,"[False, True, True, False]",0,"[13, 15, 16, 17, 18, 20, 21, 22, 23]","['S', 10]",right,NA,7,0,0,,250311_latMaz103-adjacency.csv,240507_latent_maze_004-5x5-state_positions.csv,0,"{'N': 0.059500000000000004, 'S': 0.04675, 'W': 0.05525, 'E': 0.051}"
251120-202044,40,"[False, True, False, True]",1,"[13, 15, 16, 17, 18, 20, 21, 22, 23]","['E', 14]",right,NA,7,90,270,,250311_latMaz103-adjacency.csv,240507_latent_maze_004-5x5-state_positions.csv,0,"{'N': 0.059500000000000004, 'S': 0.04675, 'W': 0.05525, 'E': 0.051}"
251120-202101,41,"[True, False, False, True]",6,"[13, 15, 16, 17, 18, 20, 21, 22, 23]","['N', 2]",right,NA,7,180,180,,250311_latMaz103-adjacency.csv,240507_latent_maze_004-5x5-state_positions.csv,0,"{'N': 0.059500000000000004, 'S': 0.04675, 'W': 0.05525, 'E': 0.051}"
251120-204820,42,"[True, True, True, True]",11,"[13, 15, 16, 17, 18, 20, 21, 22, 23]","['S', 10]",forwards,NA,7,180,0,,250311_latMaz103-adjacency.csv,240507_latent_maze_004-5x5-state_positions.csv,0,"{'N': 0.059500000000000004, 'S': 0.04675, 'W': 0.05525, 'E': 0.051}"
251120-204837,43,"[False, True, True, False]",12,"[13, 15, 16, 17, 18, 20, 21, 22, 23]","['W', 11]",left,NA,7,90,90,,250311_latMaz103-adjacency.csv,240507_latent_maze_004-5x5-state_positions.csv,0,"{'N': 0.059500000000000004, 'S': 0.04675, 'W': 0.05525, 'E': 0.051}"
251120-205017,44,"[True, False, True, True]",13,"[15, 16, 17, 18, 20, 21, 22, 23]","['E', 14]",forwards,251120-205017,8,90,270,,250311_latMaz103-adjacency.csv,240507_latent_maze_004-5x5-state_positions.csv,0,"{'N': 0.059500000000000004, 'S': 0.04675, 'W': 0.05525, 'E': 0.051}"
251120-205110,45,"[True, False, False, True]",18,"[15, 16, 17, 20, 21, 22, 23]","['N', 2]",right,251120-205110,9,180,180,,250311_latMaz103-adjacency.csv,240507_latent_maze_004-5x5-state_positions.csv,0,"{'N': 0.059500000000000004, 'S': 0.04675, 'W': 0.05525, 'E': 0.051}"
251120-205152,46,"[True, True, True, False]",17,"[15, 16, 20, 21, 22, 23]","['W', 11]",right,251120-205152,10,270,90,,250311_latMaz103-adjacency.csv,240507_latent_maze_004-5x5-state_positions.csv,0,"{'N': 0.059500000000000004, 'S': 0.04675, 'W': 0.05525, 'E': 0.051}"
251120-205216,47,"[True, False, True, True]",16,"[15, 20, 21, 22, 23]","['E', 14]",forwards,251120-205216,11,270,270,,250311_latMaz103-adjacency.csv,240507_latent_maze_004-5x5-state_positions.csv,0,"{'N': 0.059500000000000004, 'S': 0.04675, 'W': 0.05525, 'E': 0.051}"
251120-205235,48,"[False, True, True, True]",21,"[15, 20, 22, 23]","['S', 10]",left,251120-205235,12,180,0,,250311_latMaz103-adjacency.csv,240507_latent_maze_004-5x5-state_positions.csv,0,"{'N': 0.059500000000000004, 'S': 0.04675, 'W': 0.05525, 'E': 0.051}"
251120-205259,49,"[False, True, True, True]",22,"[15, 20, 23]","['W', 11]",left,251120-205259,13,90,90,,250311_latMaz103-adjacency.csv,240507_latent_maze_004-5x5-state_positions.csv,0,"{'N': 0.059500000000000004, 'S': 0.04675, 'W': 0.05525, 'E': 0.051}"
251120-205320,50,"[True, False, True, True]",17,"[15, 20, 23]","['N', 2]",left,NA,13,0,180,,250311_latMaz103-adjacency.csv,240507_latent_maze_004-5x5-state_positions.csv,0,"{'N': 0.059500000000000004, 'S': 0.04675, 'W': 0.05525, 'E': 0.051}"
251120-205334,51,"[True, False, True, True]",16,"[15, 20, 23]","['E', 14]",left,NA,13,270,270,,250311_latMaz103-adjacency.csv,240507_latent_maze_004-5x5-state_positions.csv,0,"{'N': 0.059500000000000004, 'S': 0.04675, 'W': 0.05525, 'E': 0.051}"
251120-205354,52,"[False, True, True, True]",15,"[20, 23]","['W', 11]",forwards,251120-205354,14,270,90,,250311_latMaz103-adjacency.csv,240507_latent_maze_004-5x5-state_positions.csv,0,"{'N': 0.059500000000000004, 'S': 0.04675, 'W': 0.05525, 'E': 0.051}"
251120-205413,53,"[True, False, True, False]",20,"[0, 1, 5, 6, 7, 11, 12, 13, 15, 16, 17, 18, 21, 22, 23]","['N', 2]",left,251120-205413,15,180,180,,250311_latMaz103-adjacency.csv,240507_latent_maze_004-5x5-state_positions.csv,0,"{'N': 0.059500000000000004, 'S': 0.04675, 'W': 0.05525, 'E': 0.051}"
251120-205443,54,"[True, False, False, True]",21,"[0, 1, 5, 6, 7, 11, 12, 13, 15, 16, 17, 18, 22, 23]","['E', 14]",left,251120-205443,16,90,270,,250311_latMaz103-adjacency.csv,240507_latent_maze_004-5x5-state_positions.csv,0,"{'N': 0.059500000000000004, 'S': 0.04675, 'W': 0.05525, 'E': 0.051}"
251120-205456,55,"[False, True, True, True]",16,"[0, 1, 5, 6, 7, 11, 12, 13, 15, 17, 18, 22, 23]","['S', 10]",left,251120-205456,17,0,0,,250311_latMaz103-adjacency.csv,240507_latent_maze_004-5x5-state_positions.csv,0,"{'N': 0.059500000000000004, 'S': 0.04675, 'W': 0.05525, 'E': 0.051}"
251120-205509,56,"[False, True, True, True]",15,"[0, 1, 5, 6, 7, 11, 12, 13, 17, 18, 22, 23]","['W', 11]",left,251120-205509,18,270,90,,250311_latMaz103-adjacency.csv,240507_latent_maze_004-5x5-state_positions.csv,0,"{'N': 0.059500000000000004, 'S': 0.04675, 'W': 0.05525, 'E': 0.051}"
251120-205524,57,"[True, False, True, False]",20,"[0, 1, 5, 6, 7, 11, 12, 13, 17, 18, 22, 23]","['N', 2]",left,NA,18,180,180,,250311_latMaz103-adjacency.csv,240507_latent_maze_004-5x5-state_positions.csv,0,"{'N': 0.059500000000000004, 'S': 0.04675, 'W': 0.05525, 'E': 0.051}"
251120-205534,58,"[True, False, False, True]",21,"[0, 1, 5, 6, 7, 11, 12, 13, 17, 18, 22, 23]","['E', 14]",left,NA,18,90,270,,250311_latMaz103-adjacency.csv,240507_latent_maze_004-5x5-state_positions.csv,0,"{'N': 0.059500000000000004, 'S': 0.04675, 'W': 0.05525, 'E': 0.051}"
251120-205545,59,"[False, True, True, True]",22,"[0, 1, 5, 6, 7, 11, 12, 13, 17, 18, 23]","['W', 11]",forwards,251120-205545,19,90,90,,250311_latMaz103-adjacency.csv,240507_latent_maze_004-5x5-state_positions.csv,0,"{'N': 0.059500000000000004, 'S': 0.04675, 'W': 0.05525, 'E': 0.051}"
251120-205559,60,"[True, False, True, True]",17,"[0, 1, 5, 6, 7, 11, 12, 13, 18, 23]","['N', 2]",left,251120-205559,20,0,180,,250311_latMaz103-adjacency.csv,240507_latent_maze_004-5x5-state_positions.csv,0,"{'N': 0.059500000000000004, 'S': 0.04675, 'W': 0.05525, 'E': 0.051}"
251120-205614,61,"[True, False, True, True]",18,"[0, 1, 5, 6, 7, 11, 12, 13, 23]","['W', 11]",right,251120-205614,21,90,90,,250311_latMaz103-adjacency.csv,240507_latent_maze_004-5x5-state_positions.csv,0,"{'N': 0.059500000000000004, 'S': 0.04675, 'W': 0.05525, 'E': 0.051}"
251120-205630,62,"[True, True, True, False]",23,"[0, 1, 5, 6, 7, 11, 12, 13]","['S', 10]",right,251120-205630,22,180,0,,250311_latMaz103-adjacency.csv,240507_latent_maze_004-5x5-state_positions.csv,0,"{'N': 0.059500000000000004, 'S': 0.04675, 'W': 0.05525, 'E': 0.051}"
251120-205646,63,"[False, True, False, True]",22,"[0, 1, 5, 6, 7, 11, 12, 13]","['E', 14]",right,NA,22,270,270,,250311_latMaz103-adjacency.csv,240507_latent_maze_004-5x5-state_positions.csv,0,"{'N': 0.059500000000000004, 'S': 0.04675, 'W': 0.05525, 'E': 0.051}"
251120-205658,64,"[True, False, True, True]",21,"[0, 1, 5, 6, 7, 11, 12, 13]","['W', 11]",forwards,NA,22,270,90,,250311_latMaz103-adjacency.csv,240507_latent_maze_004-5x5-state_positions.csv,0,"{'N': 0.059500000000000004, 'S': 0.04675, 'W': 0.05525, 'E': 0.051}"
251120-205746,65,"[False, True, True, True]",20,"[0, 1, 5, 6, 7, 11, 12, 13]","['E', 14]",forwards,NA,22,270,270,,250311_latMaz103-adjacency.csv,240507_latent_maze_004-5x5-state_positions.csv,0,"{'N': 0.059500000000000004, 'S': 0.04675, 'W': 0.05525, 'E': 0.051}"
251120-205754,66,"[True, False, False, True]",15,"[0, 1, 5, 6, 7, 11, 12, 13]","['N', 2]",right,NA,22,0,180,,250311_latMaz103-adjacency.csv,240507_latent_maze_004-5x5-state_positions.csv,0,"{'N': 0.059500000000000004, 'S': 0.04675, 'W': 0.05525, 'E': 0.051}"
251120-210023,67,"[True, False, True, False]",16,"[0, 1, 5, 6, 7, 11, 12, 13]","['W', 11]",right,NA,22,90,90,,250311_latMaz103-adjacency.csv,240507_latent_maze_004-5x5-state_positions.csv,0,"{'N': 0.059500000000000004, 'S': 0.04675, 'W': 0.05525, 'E': 0.051}"
251120-210032,68,"[False, True, True, True]",17,"[0, 1, 5, 6, 7, 11, 12, 13]","['E', 14]",forwards,NA,22,90,270,,250311_latMaz103-adjacency.csv,240507_latent_maze_004-5x5-state_positions.csv,0,"{'N': 0.059500000000000004, 'S': 0.04675, 'W': 0.05525, 'E': 0.051}"
251120-210039,69,"[True, False, True, True]",22,"[0, 1, 5, 6, 7, 11, 12, 13]","['N', 2]",right,NA,22,180,180,,250311_latMaz103-adjacency.csv,240507_latent_maze_004-5x5-state_positions.csv,0,"{'N': 0.059500000000000004, 'S': 0.04675, 'W': 0.05525, 'E': 0.051}"
251120-210047,70,"[True, False, True, True]",21,"[0, 1, 5, 6, 7, 11, 12, 13]","['W', 11]",right,NA,22,270,90,,250311_latMaz103-adjacency.csv,240507_latent_maze_004-5x5-state_positions.csv,0,"{'N': 0.059500000000000004, 'S': 0.04675, 'W': 0.05525, 'E': 0.051}"
251120-210137,71,"[False, True, True, True]",20,"[0, 1, 5, 6, 7, 11, 12, 13]","['E', 14]",forwards,NA,22,270,270,,250311_latMaz103-adjacency.csv,240507_latent_maze_004-5x5-state_positions.csv,0,"{'N': 0.059500000000000004, 'S': 0.04675, 'W': 0.05525, 'E': 0.051}"
251120-210145,72,"[True, False, False, True]",15,"[0, 1, 5, 6, 7, 11, 12, 13]","['N', 2]",right,NA,22,0,180,,250311_latMaz103-adjacency.csv,240507_latent_maze_004-5x5-state_positions.csv,0,"{'N': 0.059500000000000004, 'S': 0.04675, 'W': 0.05525, 'E': 0.051}"
251120-210205,73,"[True, False, True, False]",16,"[0, 1, 5, 6, 7, 11, 12, 13]","['W', 11]",right,NA,22,90,90,,250311_latMaz103-adjacency.csv,240507_latent_maze_004-5x5-state_positions.csv,0,"{'N': 0.059500000000000004, 'S': 0.04675, 'W': 0.05525, 'E': 0.051}"
251120-210226,74,"[False, True, True, True]",17,"[0, 1, 5, 6, 7, 11, 12, 13]","['E', 14]",forwards,NA,22,90,270,,250311_latMaz103-adjacency.csv,240507_latent_maze_004-5x5-state_positions.csv,0,"{'N': 0.059500000000000004, 'S': 0.04675, 'W': 0.05525, 'E': 0.051}"
251120-210234,75,"[True, False, True, True]",22,"[0, 1, 5, 6, 7, 11, 12, 13]","['N', 2]",right,NA,22,180,180,,250311_latMaz103-adjacency.csv,240507_latent_maze_004-5x5-state_positions.csv,0,"{'N': 0.059500000000000004, 'S': 0.04675, 'W': 0.05525, 'E': 0.051}"
251120-215416,76,"[True, False, True, True]",21,"[0, 1, 5, 6, 7, 11, 12, 13]","['W', 11]",right,NA,22,270,90,,250311_latMaz103-adjacency.csv,240507_latent_maze_004-5x5-state_positions.csv,0,"{'N': 0.059500000000000004, 'S': 0.04675, 'W': 0.05525, 'E': 0.051}"
251120-215440,77,"[False, True, True, True]",20,"[0, 1, 5, 6, 7, 11, 12, 13]","['E', 14]",forwards,NA,22,270,270,,250311_latMaz103-adjacency.csv,240507_latent_maze_004-5x5-state_positions.csv,0,"{'N': 0.059500000000000004, 'S': 0.04675, 'W': 0.05525, 'E': 0.051}"
251120-215448,78,"[True, False, False, True]",15,"[0, 1, 5, 6, 7, 11, 12, 13]","['N', 2]",right,NA,22,0,180,,250311_latMaz103-adjacency.csv,240507_latent_maze_004-5x5-state_positions.csv,0,"{'N': 0.059500000000000004, 'S': 0.04675, 'W': 0.05525, 'E': 0.051}"
251120-215503,79,"[True, False, True, False]",16,"[0, 1, 5, 6, 7, 11, 12, 13]","['W', 11]",right,NA,22,90,90,,250311_latMaz103-adjacency.csv,240507_latent_maze_004-5x5-state_positions.csv,0,"{'N': 0.059500000000000004, 'S': 0.04675, 'W': 0.05525, 'E': 0.051}"
251120-215516,80,"[False, True, True, True]",21,"[0, 1, 5, 6, 7, 11, 12, 13]","['S', 10]",right,NA,22,180,0,,250311_latMaz103-adjacency.csv,240507_latent_maze_004-5x5-state_positions.csv,0,"{'N': 0.059500000000000004, 'S': 0.04675, 'W': 0.05525, 'E': 0.051}"
251120-215553,81,"[False, True, True, True]",20,"[0, 1, 5, 6, 7, 11, 12, 13]","['E', 14]",right,NA,22,270,270,,250311_latMaz103-adjacency.csv,240507_latent_maze_004-5x5-state_positions.csv,0,"{'N': 0.059500000000000004, 'S': 0.04675, 'W': 0.05525, 'E': 0.051}"
251120-215607,82,"[True, False, False, True]",15,"[0, 1, 5, 6, 7, 11, 12, 13]","['N', 2]",right,NA,22,0,180,,250311_latMaz103-adjacency.csv,240507_latent_maze_004-5x5-state_positions.csv,0,"{'N': 0.059500000000000004, 'S': 0.04675, 'W': 0.05525, 'E': 0.051}"
251120-215707,83,"[True, False, True, False]",16,"[0, 1, 5, 6, 7, 11, 12, 13]","['W', 11]",right,NA,22,90,90,,250311_latMaz103-adjacency.csv,240507_latent_maze_004-5x5-state_positions.csv,0,"{'N': 0.059500000000000004, 'S': 0.04675, 'W': 0.05525, 'E': 0.051}"
251120-215817,84,"[False, True, True, True]",17,"[0, 1, 5, 6, 7, 11, 12, 13]","['E', 14]",forwards,NA,22,90,270,,250311_latMaz103-adjacency.csv,240507_latent_maze_004-5x5-state_positions.csv,0,"{'N': 0.059500000000000004, 'S': 0.04675, 'W': 0.05525, 'E': 0.051}"
251120-215828,85,"[True, False, True, True]",22,"[0, 1, 5, 6, 7, 11, 12, 13]","['N', 2]",right,NA,22,180,180,,250311_latMaz103-adjacency.csv,240507_latent_maze_004-5x5-state_positions.csv,0,"{'N': 0.059500000000000004, 'S': 0.04675, 'W': 0.05525, 'E': 0.051}"
251120-215847,86,"[True, False, True, True]",21,"[0, 1, 5, 6, 7, 11, 12, 13]","['W', 11]",right,NA,22,270,90,,250311_latMaz103-adjacency.csv,240507_latent_maze_004-5x5-state_positions.csv,0,"{'N': 0.059500000000000004, 'S': 0.04675, 'W': 0.05525, 'E': 0.051}"
251120-215907,87,"[False, True, True, True]",16,"[0, 1, 5, 6, 7, 11, 12, 13]","['S', 10]",right,NA,22,0,0,,250311_latMaz103-adjacency.csv,240507_latent_maze_004-5x5-state_positions.csv,0,"{'N': 0.059500000000000004, 'S': 0.04675, 'W': 0.05525, 'E': 0.051}"
251120-215924,88,"[False, True, True, True]",17,"[0, 1, 5, 6, 7, 11, 12, 13]","['E', 14]",right,NA,22,90,270,,250311_latMaz103-adjacency.csv,240507_latent_maze_004-5x5-state_positions.csv,0,"{'N': 0.059500000000000004, 'S': 0.04675, 'W': 0.05525, 'E': 0.051}"
251120-215934,89,"[True, False, True, True]",22,"[0, 1, 5, 6, 7, 11, 12, 13]","['N', 2]",right,NA,22,180,180,,250311_latMaz103-adjacency.csv,240507_latent_maze_004-5x5-state_positions.csv,0,"{'N': 0.059500000000000004, 'S': 0.04675, 'W': 0.05525, 'E': 0.051}"
251120-230829,90,"[True, False, True, True]",21,"[0, 1, 5, 6, 7, 11, 12, 13]","['W', 11]",right,NA,22,270,90,,250311_latMaz103-adjacency.csv,240507_latent_maze_004-5x5-state_positions.csv,0,"{'N': 0.059500000000000004, 'S': 0.04675, 'W': 0.05525, 'E': 0.051}"
251120-230840,91,"[False, True, True, True]",20,"[0, 1, 5, 6, 7, 11, 12, 13]","['E', 14]",forwards,NA,22,270,270,,250311_latMaz103-adjacency.csv,240507_latent_maze_004-5x5-state_positions.csv,0,"{'N': 0.059500000000000004, 'S': 0.04675, 'W': 0.05525, 'E': 0.051}"
251120-230854,92,"[True, False, False, True]",15,"[0, 1, 5, 6, 7, 11, 12, 13]","['N', 2]",right,NA,22,0,180,,250311_latMaz103-adjacency.csv,240507_latent_maze_004-5x5-state_positions.csv,0,"{'N': 0.059500000000000004, 'S': 0.04675, 'W': 0.05525, 'E': 0.051}"
251120-231455,93,"[True, False, True, False]",16,"[0, 1, 5, 6, 7, 11, 12, 13]","['W', 11]",right,NA,22,90,90,,250311_latMaz103-adjacency.csv,240507_latent_maze_004-5x5-state_positions.csv,0,"{'N': 0.059500000000000004, 'S': 0.04675, 'W': 0.05525, 'E': 0.051}"
251120-231513,94,"[False, True, True, True]",21,"[0, 1, 5, 6, 7, 11, 12, 13]","['S', 10]",right,NA,22,180,0,,250311_latMaz103-adjacency.csv,240507_latent_maze_004-5x5-state_positions.csv,0,"{'N': 0.059500000000000004, 'S': 0.04675, 'W': 0.05525, 'E': 0.051}"
251120-231615,95,"[False, True, True, True]",20,"[0, 1, 5, 6, 7, 11, 12, 13]","['E', 14]",right,NA,22,270,270,,250311_latMaz103-adjacency.csv,240507_latent_maze_004-5x5-state_positions.csv,0,"{'N': 0.059500000000000004, 'S': 0.04675, 'W': 0.05525, 'E': 0.051}"
251120-231632,96,"[True, False, False, True]",15,"[0, 1, 5, 6, 7, 11, 12, 13]","['N', 2]",right,NA,22,0,180,,250311_latMaz103-adjacency.csv,240507_latent_maze_004-5x5-state_positions.csv,0,"{'N': 0.059500000000000004, 'S': 0.04675, 'W': 0.05525, 'E': 0.051}"
251120-231646,97,"[True, False, True, False]",16,"[0, 1, 5, 6, 7, 11, 12, 13]","['W', 11]",right,NA,22,90,90,,250311_latMaz103-adjacency.csv,240507_latent_maze_004-5x5-state_positions.csv,0,"{'N': 0.059500000000000004, 'S': 0.04675, 'W': 0.05525, 'E': 0.051}"
251120-231753,98,"[False, True, True, True]",17,"[0, 1, 5, 6, 7, 11, 12, 13]","['E', 14]",forwards,NA,22,90,270,,250311_latMaz103-adjacency.csv,240507_latent_maze_004-5x5-state_positions.csv,0,"{'N': 0.059500000000000004, 'S': 0.04675, 'W': 0.05525, 'E': 0.051}"
251120-231825,99,"[True, False, True, True]",22,"[0, 1, 5, 6, 7, 11, 12, 13]","['N', 2]",right,NA,22,180,180,,250311_latMaz103-adjacency.csv,240507_latent_maze_004-5x5-state_positions.csv,0,"{'N': 0.059500000000000004, 'S': 0.04675, 'W': 0.05525, 'E': 0.051}"
251120-231933,100,"[True, False, True, True]",23,"[0, 1, 5, 6, 7, 11, 12, 13]","['E', 14]",left,NA,22,90,270,,250311_latMaz103-adjacency.csv,240507_latent_maze_004-5x5-state_positions.csv,0,"{'N': 0.059500000000000004, 'S': 0.04675, 'W': 0.05525, 'E': 0.051}"
251120-231946,101,"[False, True, False, True]",18,"[0, 1, 5, 6, 7, 11, 12, 13]","['S', 10]",left,NA,22,0,0,,250311_latMaz103-adjacency.csv,240507_latent_maze_004-5x5-state_positions.csv,0,"{'N': 0.059500000000000004, 'S': 0.04675, 'W': 0.05525, 'E': 0.051}"
251120-232000,102,"[True, True, True, False]",17,"[0, 1, 5, 6, 7, 11, 12, 13]","['W', 11]",left,NA,22,270,90,,250311_latMaz103-adjacency.csv,240507_latent_maze_004-5x5-state_positions.csv,0,"{'N': 0.059500000000000004, 'S': 0.04675, 'W': 0.05525, 'E': 0.051}"
251120-232233,103,"[True, False, True, True]",22,"[0, 1, 5, 6, 7, 11, 12, 13]","['N', 2]",left,NA,22,180,180,,250311_latMaz103-adjacency.csv,240507_latent_maze_004-5x5-state_positions.csv,0,"{'N': 0.059500000000000004, 'S': 0.04675, 'W': 0.05525, 'E': 0.051}"
251120-232251,104,"[True, False, True, True]",21,"[0, 1, 5, 6, 7, 11, 12, 13]","['W', 11]",right,NA,22,270,90,,250311_latMaz103-adjacency.csv,240507_latent_maze_004-5x5-state_positions.csv,0,"{'N': 0.059500000000000004, 'S': 0.04675, 'W': 0.05525, 'E': 0.051}"
251120-232302,105,"[False, True, True, True]",20,"[0, 1, 5, 6, 7, 11, 12, 13]","['E', 14]",forwards,NA,22,270,270,,250311_latMaz103-adjacency.csv,240507_latent_maze_004-5x5-state_positions.csv,0,"{'N': 0.059500000000000004, 'S': 0.04675, 'W': 0.05525, 'E': 0.051}"
251120-232405,106,"[True, False, False, True]",15,"[0, 1, 5, 6, 7, 11, 12, 13]","['N', 2]",right,NA,22,0,180,,250311_latMaz103-adjacency.csv,240507_latent_maze_004-5x5-state_positions.csv,0,"{'N': 0.059500000000000004, 'S': 0.04675, 'W': 0.05525, 'E': 0.051}"
251120-232956,107,"[True, False, True, False]",16,"[0, 1, 5, 6, 7, 11, 12, 13]","['W', 11]",right,NA,22,90,90,,250311_latMaz103-adjacency.csv,240507_latent_maze_004-5x5-state_positions.csv,0,"{'N': 0.059500000000000004, 'S': 0.04675, 'W': 0.05525, 'E': 0.051}"
251120-233035,108,"[False, True, True, True]",17,"[0, 1, 5, 6, 7, 11, 12, 13]","['E', 14]",forwards,NA,22,90,270,,250311_latMaz103-adjacency.csv,240507_latent_maze_004-5x5-state_positions.csv,0,"{'N': 0.059500000000000004, 'S': 0.04675, 'W': 0.05525, 'E': 0.051}"
251120-233415,109,"[True, False, True, True]",22,"[0, 1, 5, 6, 7, 11, 12, 13]","['N', 2]",right,NA,22,180,180,,250311_latMaz103-adjacency.csv,240507_latent_maze_004-5x5-state_positions.csv,0,"{'N': 0.059500000000000004, 'S': 0.04675, 'W': 0.05525, 'E': 0.051}"
251120-233424,110,"[True, False, True, True]",21,"[0, 1, 5, 6, 7, 11, 12, 13]","['W', 11]",right,NA,22,270,90,,250311_latMaz103-adjacency.csv,240507_latent_maze_004-5x5-state_positions.csv,0,"{'N': 0.059500000000000004, 'S': 0.04675, 'W': 0.05525, 'E': 0.051}"
251120-233506,111,"[False, True, True, True]",16,"[0, 1, 5, 6, 7, 11, 12, 13]","['S', 10]",right,NA,22,0,0,,250311_latMaz103-adjacency.csv,240507_latent_maze_004-5x5-state_positions.csv,0,"{'N': 0.059500000000000004, 'S': 0.04675, 'W': 0.05525, 'E': 0.051}"
251120-233545,112,"[False, True, True, True]",15,"[0, 1, 5, 6, 7, 11, 12, 13]","['W', 11]",left,NA,22,270,90,,250311_latMaz103-adjacency.csv,240507_latent_maze_004-5x5-state_positions.csv,0,"{'N': 0.059500000000000004, 'S': 0.04675, 'W': 0.05525, 'E': 0.051}"
251120-233608,113,"[True, False, True, False]",20,"[0, 1, 5, 6, 7, 11, 12, 13]","['N', 2]",left,NA,22,180,180,,250311_latMaz103-adjacency.csv,240507_latent_maze_004-5x5-state_positions.csv,0,"{'N': 0.059500000000000004, 'S': 0.04675, 'W': 0.05525, 'E': 0.051}"
251120-233616,114,"[True, False, False, True]",21,"[0, 1, 5, 6, 7, 11, 12, 13]","['E', 14]",left,NA,22,90,270,,250311_latMaz103-adjacency.csv,240507_latent_maze_004-5x5-state_positions.csv,0,"{'N': 0.059500000000000004, 'S': 0.04675, 'W': 0.05525, 'E': 0.051}"
251120-233633,115,"[False, True, True, True]",16,"[0, 1, 5, 6, 7, 11, 12, 13]","['S', 10]",left,NA,22,0,0,,250311_latMaz103-adjacency.csv,240507_latent_maze_004-5x5-state_positions.csv,0,"{'N': 0.059500000000000004, 'S': 0.04675, 'W': 0.05525, 'E': 0.051}"
251120-233729,116,"[False, True, True, True]",17,"[0, 1, 5, 6, 7, 11, 12, 13]","['E', 14]",right,NA,22,90,270,,250311_latMaz103-adjacency.csv,240507_latent_maze_004-5x5-state_positions.csv,0,"{'N': 0.059500000000000004, 'S': 0.04675, 'W': 0.05525, 'E': 0.051}"
251120-233740,117,"[True, False, True, True]",18,"[0, 1, 5, 6, 7, 11, 12, 13]","['W', 11]",forwards,NA,22,90,90,,250311_latMaz103-adjacency.csv,240507_latent_maze_004-5x5-state_positions.csv,0,"{'N': 0.059500000000000004, 'S': 0.04675, 'W': 0.05525, 'E': 0.051}"
251120-233905,118,"[True, True, True, False]",13,"[0, 1, 5, 6, 7, 11, 12]","['N', 2]",left,251120-233905,23,0,180,,250311_latMaz103-adjacency.csv,240507_latent_maze_004-5x5-state_positions.csv,0,"{'N': 0.059500000000000004, 'S': 0.04675, 'W': 0.05525, 'E': 0.051}"
251121-000330,119,"[True, False, False, True]",12,"[0, 1, 5, 6, 7, 11]","['E', 14]",left,251121-000330,24,270,270,,250311_latMaz103-adjacency.csv,240507_latent_maze_004-5x5-state_positions.csv,0,"{'N': 0.059500000000000004, 'S': 0.04675, 'W': 0.05525, 'E': 0.051}"
251121-000351,120,"[True, False, True, True]",11,"[0, 1, 5, 6, 7]","['W', 11]",forwards,251121-000351,25,270,90,,250311_latMaz103-adjacency.csv,240507_latent_maze_004-5x5-state_positions.csv,0,"{'N': 0.059500000000000004, 'S': 0.04675, 'W': 0.05525, 'E': 0.051}"
251121-000417,121,"[False, True, True, False]",6,"[0, 1, 5, 7]","['S', 10]",right,251121-000417,26,0,0,,250311_latMaz103-adjacency.csv,240507_latent_maze_004-5x5-state_positions.csv,0,"{'N': 0.059500000000000004, 'S': 0.04675, 'W': 0.05525, 'E': 0.051}"
251121-000432,122,"[True, True, True, True]",1,"[0, 5, 7]","['N', 2]",forwards,251121-000432,27,0,180,,250311_latMaz103-adjacency.csv,240507_latent_maze_004-5x5-state_positions.csv,0,"{'N': 0.059500000000000004, 'S': 0.04675, 'W': 0.05525, 'E': 0.051}"
251121-000505,123,"[True, False, False, True]",0,"[5, 7]","['E', 14]",left,251121-000505,28,270,270,,250311_latMaz103-adjacency.csv,240507_latent_maze_004-5x5-state_positions.csv,0,"{'N': 0.059500000000000004, 'S': 0.04675, 'W': 0.05525, 'E': 0.051}"
251121-000534,124,"[False, True, False, True]",5,"[0, 1, 6, 7, 11, 12, 13, 15, 16, 17, 18, 20, 21, 22, 23]","['S', 10]",left,251121-000534,29,180,0,,250311_latMaz103-adjacency.csv,240507_latent_maze_004-5x5-state_positions.csv,0,"{'N': 0.059500000000000004, 'S': 0.04675, 'W': 0.05525, 'E': 0.051}"
251121-000543,125,"[False, True, True, False]",6,"[0, 1, 7, 11, 12, 13, 15, 16, 17, 18, 20, 21, 22, 23]","['W', 11]",left,251121-000543,30,90,90,,250311_latMaz103-adjacency.csv,240507_latent_maze_004-5x5-state_positions.csv,0,"{'N': 0.059500000000000004, 'S': 0.04675, 'W': 0.05525, 'E': 0.051}"
251121-000607,126,"[True, True, True, True]",1,"[0, 7, 11, 12, 13, 15, 16, 17, 18, 20, 21, 22, 23]","['N', 2]",left,251121-000607,31,0,180,,250311_latMaz103-adjacency.csv,240507_latent_maze_004-5x5-state_positions.csv,0,"{'N': 0.059500000000000004, 'S': 0.04675, 'W': 0.05525, 'E': 0.051}"
251121-000630,127,"[True, False, False, True]",0,"[7, 11, 12, 13, 15, 16, 17, 18, 20, 21, 22, 23]","['E', 14]",left,251121-000630,32,270,270,,250311_latMaz103-adjacency.csv,240507_latent_maze_004-5x5-state_positions.csv,0,"{'N': 0.059500000000000004, 'S': 0.04675, 'W': 0.05525, 'E': 0.051}"
251121-000945,128,"[False, True, False, True]",5,"[7, 11, 12, 13, 15, 16, 17, 18, 20, 21, 22, 23]","['S', 10]",left,NA,32,180,0,,250311_latMaz103-adjacency.csv,240507_latent_maze_004-5x5-state_positions.csv,0,"{'N': 0.059500000000000004, 'S': 0.04675, 'W': 0.05525, 'E': 0.051}"
251121-000953,129,"[False, True, True, False]",6,"[7, 11, 12, 13, 15, 16, 17, 18, 20, 21, 22, 23]","['W', 11]",left,NA,32,90,90,,250311_latMaz103-adjacency.csv,240507_latent_maze_004-5x5-state_positions.csv,0,"{'N': 0.059500000000000004, 'S': 0.04675, 'W': 0.05525, 'E': 0.051}"
251121-001004,130,"[True, True, True, True]",1,"[7, 11, 12, 13, 15, 16, 17, 18, 20, 21, 22, 23]","['N', 2]",left,NA,32,0,180,,250311_latMaz103-adjacency.csv,240507_latent_maze_004-5x5-state_positions.csv,0,"{'N': 0.059500000000000004, 'S': 0.04675, 'W': 0.05525, 'E': 0.051}"
251121-001045,131,"[True, False, False, True]",0,"[7, 11, 12, 13, 15, 16, 17, 18, 20, 21, 22, 23]","['E', 14]",left,NA,32,270,270,,250311_latMaz103-adjacency.csv,240507_latent_maze_004-5x5-state_positions.csv,0,"{'N': 0.059500000000000004, 'S': 0.04675, 'W': 0.05525, 'E': 0.051}"
251121-014208,132,"[False, True, False, True]",5,"[7, 11, 12, 13, 15, 16, 17, 18, 20, 21, 22, 23]","['S', 10]",left,NA,32,180,0,,250311_latMaz103-adjacency.csv,240507_latent_maze_004-5x5-state_positions.csv,0,"{'N': 0.059500000000000004, 'S': 0.04675, 'W': 0.05525, 'E': 0.051}"
251121-014219,133,"[False, True, True, False]",6,"[7, 11, 12, 13, 15, 16, 17, 18, 20, 21, 22, 23]","['W', 11]",left,NA,32,90,90,,250311_latMaz103-adjacency.csv,240507_latent_maze_004-5x5-state_positions.csv,0,"{'N': 0.059500000000000004, 'S': 0.04675, 'W': 0.05525, 'E': 0.051}"
251121-014231,134,"[True, True, True, True]",1,"[7, 11, 12, 13, 15, 16, 17, 18, 20, 21, 22, 23]","['N', 2]",left,NA,32,0,180,,250311_latMaz103-adjacency.csv,240507_latent_maze_004-5x5-state_positions.csv,0,"{'N': 0.059500000000000004, 'S': 0.04675, 'W': 0.05525, 'E': 0.051}"
251121-014411,135,"[True, False, False, True]",0,"[7, 11, 12, 13, 15, 16, 17, 18, 20, 21, 22, 23]","['E', 14]",left,NA,32,270,270,,250311_latMaz103-adjacency.csv,240507_latent_maze_004-5x5-state_positions.csv,0,"{'N': 0.059500000000000004, 'S': 0.04675, 'W': 0.05525, 'E': 0.051}"
251121-023856,136,"[False, True, False, True]",5,"[7, 11, 12, 13, 15, 16, 17, 18, 20, 21, 22, 23]","['S', 10]",left,NA,32,180,0,,250311_latMaz103-adjacency.csv,240507_latent_maze_004-5x5-state_positions.csv,0,"{'N': 0.059500000000000004, 'S': 0.04675, 'W': 0.05525, 'E': 0.051}"
251121-023904,137,"[False, True, True, False]",6,"[7, 11, 12, 13, 15, 16, 17, 18, 20, 21, 22, 23]","['W', 11]",left,NA,32,90,90,,250311_latMaz103-adjacency.csv,240507_latent_maze_004-5x5-state_positions.csv,0,"{'N': 0.059500000000000004, 'S': 0.04675, 'W': 0.05525, 'E': 0.051}"
251121-023911,138,"[True, True, True, True]",1,"[7, 11, 12, 13, 15, 16, 17, 18, 20, 21, 22, 23]","['N', 2]",left,NA,32,0,180,,250311_latMaz103-adjacency.csv,240507_latent_maze_004-5x5-state_positions.csv,0,"{'N': 0.059500000000000004, 'S': 0.04675, 'W': 0.05525, 'E': 0.051}"
251121-024326,139,"[True, False, False, True]",0,"[7, 11, 12, 13, 15, 16, 17, 18, 20, 21, 22, 23]","['E', 14]",left,NA,32,270,270,,250311_latMaz103-adjacency.csv,240507_latent_maze_004-5x5-state_positions.csv,0,"{'N': 0.059500000000000004, 'S': 0.04675, 'W': 0.05525, 'E': 0.051}"
251121-024337,140,"[False, True, False, True]",5,"[7, 11, 12, 13, 15, 16, 17, 18, 20, 21, 22, 23]","['S', 10]",left,NA,32,180,0,,250311_latMaz103-adjacency.csv,240507_latent_maze_004-5x5-state_positions.csv,0,"{'N': 0.059500000000000004, 'S': 0.04675, 'W': 0.05525, 'E': 0.051}"
251121-024354,141,"[False, True, True, False]",6,"[7, 11, 12, 13, 15, 16, 17, 18, 20, 21, 22, 23]","['W', 11]",left,NA,32,90,90,,250311_latMaz103-adjacency.csv,240507_latent_maze_004-5x5-state_positions.csv,0,"{'N': 0.059500000000000004, 'S': 0.04675, 'W': 0.05525, 'E': 0.051}"
251121-024651,142,"[True, True, True, True]",1,"[7, 11, 12, 13, 15, 16, 17, 18, 20, 21, 22, 23]","['N', 2]",left,NA,32,0,180,,250311_latMaz103-adjacency.csv,240507_latent_maze_004-5x5-state_positions.csv,0,"{'N': 0.059500000000000004, 'S': 0.04675, 'W': 0.05525, 'E': 0.051}"
251121-025025,143,"[True, False, False, True]",0,"[7, 11, 12, 13, 15, 16, 17, 18, 20, 21, 22, 23]","['E', 14]",left,NA,32,270,270,,250311_latMaz103-adjacency.csv,240507_latent_maze_004-5x5-state_positions.csv,0,"{'N': 0.059500000000000004, 'S': 0.04675, 'W': 0.05525, 'E': 0.051}"
251121-025054,144,"[False, True, False, True]",5,"[7, 11, 12, 13, 15, 16, 17, 18, 20, 21, 22, 23]","['S', 10]",left,NA,32,180,0,,250311_latMaz103-adjacency.csv,240507_latent_maze_004-5x5-state_positions.csv,0,"{'N': 0.059500000000000004, 'S': 0.04675, 'W': 0.05525, 'E': 0.051}"
251121-025105,145,"[False, True, True, False]",6,"[7, 11, 12, 13, 15, 16, 17, 18, 20, 21, 22, 23]","['W', 11]",left,NA,32,90,90,,250311_latMaz103-adjacency.csv,240507_latent_maze_004-5x5-state_positions.csv,0,"{'N': 0.059500000000000004, 'S': 0.04675, 'W': 0.05525, 'E': 0.051}"
251121-025116,146,"[True, True, True, True]",1,"[7, 11, 12, 13, 15, 16, 17, 18, 20, 21, 22, 23]","['N', 2]",left,NA,32,0,180,,250311_latMaz103-adjacency.csv,240507_latent_maze_004-5x5-state_positions.csv,0,"{'N': 0.059500000000000004, 'S': 0.04675, 'W': 0.05525, 'E': 0.051}"
251121-025420,147,"[True, False, False, True]",0,"[7, 11, 12, 13, 15, 16, 17, 18, 20, 21, 22, 23]","['E', 14]",left,NA,32,270,270,,250311_latMaz103-adjacency.csv,240507_latent_maze_004-5x5-state_positions.csv,0,"{'N': 0.059500000000000004, 'S': 0.04675, 'W': 0.05525, 'E': 0.051}"
251121-030803,148,"[False, True, False, True]",5,"[7, 11, 12, 13, 15, 16, 17, 18, 20, 21, 22, 23]","['S', 10]",left,NA,32,180,0,,250311_latMaz103-adjacency.csv,240507_latent_maze_004-5x5-state_positions.csv,0,"{'N': 0.059500000000000004, 'S': 0.04675, 'W': 0.05525, 'E': 0.051}"
251121-030810,149,"[False, True, True, False]",6,"[7, 11, 12, 13, 15, 16, 17, 18, 20, 21, 22, 23]","['W', 11]",left,NA,32,90,90,,250311_latMaz103-adjacency.csv,240507_latent_maze_004-5x5-state_positions.csv,0,"{'N': 0.059500000000000004, 'S': 0.04675, 'W': 0.05525, 'E': 0.051}"
251121-031011,150,"[True, True, True, True]",1,"[7, 11, 12, 13, 15, 16, 17, 18, 20, 21, 22, 23]","['N', 2]",left,NA,32,0,180,,250311_latMaz103-adjacency.csv,240507_latent_maze_004-5x5-state_positions.csv,0,"{'N': 0.059500000000000004, 'S': 0.04675, 'W': 0.05525, 'E': 0.051}"
251121-031255,151,"[True, False, False, True]",0,"[7, 11, 12, 13, 15, 16, 17, 18, 20, 21, 22, 23]","['E', 14]",left,NA,32,270,270,,250311_latMaz103-adjacency.csv,240507_latent_maze_004-5x5-state_positions.csv,0,"{'N': 0.059500000000000004, 'S': 0.04675, 'W': 0.05525, 'E': 0.051}"
251121-032654,152,"[False, True, False, True]",5,"[7, 11, 12, 13, 15, 16, 17, 18, 20, 21, 22, 23]","['S', 10]",left,NA,32,180,0,,250311_latMaz103-adjacency.csv,240507_latent_maze_004-5x5-state_positions.csv,0,"{'N': 0.059500000000000004, 'S': 0.04675, 'W': 0.05525, 'E': 0.051}"
251121-032703,153,"[False, True, True, False]",6,"[7, 11, 12, 13, 15, 16, 17, 18, 20, 21, 22, 23]","['W', 11]",left,NA,32,90,90,,250311_latMaz103-adjacency.csv,240507_latent_maze_004-5x5-state_positions.csv,0,"{'N': 0.059500000000000004, 'S': 0.04675, 'W': 0.05525, 'E': 0.051}"
251121-032812,154,"[True, True, True, True]",1,"[7, 11, 12, 13, 15, 16, 17, 18, 20, 21, 22, 23]","['N', 2]",left,NA,32,0,180,,250311_latMaz103-adjacency.csv,240507_latent_maze_004-5x5-state_positions.csv,0,"{'N': 0.059500000000000004, 'S': 0.04675, 'W': 0.05525, 'E': 0.051}"
251121-061546,155,"[True, False, False, True]",0,"[7, 11, 12, 13, 15, 16, 17, 18, 20, 21, 22, 23]","['E', 14]",left,NA,32,270,270,,250311_latMaz103-adjacency.csv,240507_latent_maze_004-5x5-state_positions.csv,0,"{'N': 0.059500000000000004, 'S': 0.04675, 'W': 0.05525, 'E': 0.051}"
251121-061558,156,"[False, True, False, True]",5,"[7, 11, 12, 13, 15, 16, 17, 18, 20, 21, 22, 23]","['S', 10]",left,NA,32,180,0,,250311_latMaz103-adjacency.csv,240507_latent_maze_004-5x5-state_positions.csv,0,"{'N': 0.059500000000000004, 'S': 0.04675, 'W': 0.05525, 'E': 0.051}"
251121-061612,157,"[False, True, True, False]",6,"[7, 11, 12, 13, 15, 16, 17, 18, 20, 21, 22, 23]","['W', 11]",left,NA,32,90,90,,250311_latMaz103-adjacency.csv,240507_latent_maze_004-5x5-state_positions.csv,0,"{'N': 0.059500000000000004, 'S': 0.04675, 'W': 0.05525, 'E': 0.051}"
251121-061641,158,"[True, True, True, True]",1,"[7, 11, 12, 13, 15, 16, 17, 18, 20, 21, 22, 23]","['N', 2]",left,NA,32,0,180,,250311_latMaz103-adjacency.csv,240507_latent_maze_004-5x5-state_positions.csv,0,"{'N': 0.059500000000000004, 'S': 0.04675, 'W': 0.05525, 'E': 0.051}"
251121-073810,159,"[True, False, False, True]",0,"[7, 11, 12, 13, 15, 16, 17, 18, 20, 21, 22, 23]","['E', 14]",left,NA,32,270,270,,250311_latMaz103-adjacency.csv,240507_latent_maze_004-5x5-state_positions.csv,0,"{'N': 0.059500000000000004, 'S': 0.04675, 'W': 0.05525, 'E': 0.051}"
251121-073821,160,"[False, True, False, True]",5,"[7, 11, 12, 13, 15, 16, 17, 18, 20, 21, 22, 23]","['S', 10]",left,NA,32,180,0,,250311_latMaz103-adjacency.csv,240507_latent_maze_004-5x5-state_positions.csv,0,"{'N': 0.059500000000000004, 'S': 0.04675, 'W': 0.05525, 'E': 0.051}"
251121-073831,161,"[False, True, True, False]",6,"[7, 11, 12, 13, 15, 16, 17, 18, 20, 21, 22, 23]","['W', 11]",left,NA,32,90,90,,250311_latMaz103-adjacency.csv,240507_latent_maze_004-5x5-state_positions.csv,0,"{'N': 0.059500000000000004, 'S': 0.04675, 'W': 0.05525, 'E': 0.051}"
251121-090528,162,"[True, True, True, True]",1,"[7, 11, 12, 13, 15, 16, 17, 18, 20, 21, 22, 23]","['N', 2]",left,NA,32,0,180,,250311_latMaz103-adjacency.csv,240507_latent_maze_004-5x5-state_positions.csv,0,"{'N': 0.059500000000000004, 'S': 0.04675, 'W': 0.05525, 'E': 0.051}"
251121-090602,163,"[True, False, False, True]",0,"[7, 11, 12, 13, 15, 16, 17, 18, 20, 21, 22, 23]","['E', 14]",left,NA,32,270,270,,250311_latMaz103-adjacency.csv,240507_latent_maze_004-5x5-state_positions.csv,0,"{'N': 0.059500000000000004, 'S': 0.04675, 'W': 0.05525, 'E': 0.051}"
251121-090620,164,"[False, True, False, True]",5,"[7, 11, 12, 13, 15, 16, 17, 18, 20, 21, 22, 23]","['S', 10]",left,NA,32,180,0,,250311_latMaz103-adjacency.csv,240507_latent_maze_004-5x5-state_positions.csv,0,"{'N': 0.059500000000000004, 'S': 0.04675, 'W': 0.05525, 'E': 0.051}"
251121-090632,165,"[False, True, True, False]",6,"[7, 11, 12, 13, 15, 16, 17, 18, 20, 21, 22, 23]","['W', 11]",left,NA,32,90,90,,250311_latMaz103-adjacency.csv,240507_latent_maze_004-5x5-state_positions.csv,0,"{'N': 0.059500000000000004, 'S': 0.04675, 'W': 0.05525, 'E': 0.051}"
251121-090709,166,"[True, True, True, True]",1,"[7, 11, 12, 13, 15, 16, 17, 18, 20, 21, 22, 23]","['N', 2]",left,NA,32,0,180,,250311_latMaz103-adjacency.csv,240507_latent_maze_004-5x5-state_positions.csv,0,"{'N': 0.059500000000000004, 'S': 0.04675, 'W': 0.05525, 'E': 0.051}"
251121-090841,167,"[True, False, False, True]",0,"[7, 11, 12, 13, 15, 16, 17, 18, 20, 21, 22, 23]","['E', 14]",left,NA,32,270,270,,250311_latMaz103-adjacency.csv,240507_latent_maze_004-5x5-state_positions.csv,0,"{'N': 0.059500000000000004, 'S': 0.04675, 'W': 0.05525, 'E': 0.051}"
251121-090901,168,"[False, True, False, True]",5,"[7, 11, 12, 13, 15, 16, 17, 18, 20, 21, 22, 23]","['S', 10]",left,NA,32,180,0,,250311_latMaz103-adjacency.csv,240507_latent_maze_004-5x5-state_positions.csv,0,"{'N': 0.059500000000000004, 'S': 0.04675, 'W': 0.05525, 'E': 0.051}"
251121-090913,169,"[False, True, True, False]",6,"[7, 11, 12, 13, 15, 16, 17, 18, 20, 21, 22, 23]","['W', 11]",left,NA,32,90,90,,250311_latMaz103-adjacency.csv,240507_latent_maze_004-5x5-state_positions.csv,0,"{'N': 0.059500000000000004, 'S': 0.04675, 'W': 0.05525, 'E': 0.051}"
251121-090923,170,"[True, True, True, True]",1,"[7, 11, 12, 13, 15, 16, 17, 18, 20, 21, 22, 23]","['N', 2]",left,NA,32,0,180,,250311_latMaz103-adjacency.csv,240507_latent_maze_004-5x5-state_positions.csv,0,"{'N': 0.059500000000000004, 'S': 0.04675, 'W': 0.05525, 'E': 0.051}"
251121-102640,171,"[True, False, False, True]",0,"[7, 11, 12, 13, 15, 16, 17, 18, 20, 21, 22, 23]","['E', 14]",left,NA,32,270,270,,250311_latMaz103-adjacency.csv,240507_latent_maze_004-5x5-state_positions.csv,0,"{'N': 0.059500000000000004, 'S': 0.04675, 'W': 0.05525, 'E': 0.051}"
251121-102703,172,"[False, True, False, True]",5,"[7, 11, 12, 13, 15, 16, 17, 18, 20, 21, 22, 23]","['S', 10]",left,NA,32,180,0,,250311_latMaz103-adjacency.csv,240507_latent_maze_004-5x5-state_positions.csv,0,"{'N': 0.059500000000000004, 'S': 0.04675, 'W': 0.05525, 'E': 0.051}"
251121-102745,173,"[False, True, True, False]",6,"[7, 11, 12, 13, 15, 16, 17, 18, 20, 21, 22, 23]","['W', 11]",left,NA,32,90,90,,250311_latMaz103-adjacency.csv,240507_latent_maze_004-5x5-state_positions.csv,0,"{'N': 0.059500000000000004, 'S': 0.04675, 'W': 0.05525, 'E': 0.051}"
251121-102811,174,"[True, True, True, True]",1,"[7, 11, 12, 13, 15, 16, 17, 18, 20, 21, 22, 23]","['N', 2]",left,NA,32,0,180,,250311_latMaz103-adjacency.csv,240507_latent_maze_004-5x5-state_positions.csv,0,"{'N': 0.059500000000000004, 'S': 0.04675, 'W': 0.05525, 'E': 0.051}"
251121-112053,175,"[True, False, False, True]",0,"[7, 11, 12, 13, 15, 16, 17, 18, 20, 21, 22, 23]","['E', 14]",left,NA,32,270,270,,250311_latMaz103-adjacency.csv,240507_latent_maze_004-5x5-state_positions.csv,0,"{'N': 0.059500000000000004, 'S': 0.04675, 'W': 0.05525, 'E': 0.051}"
251121-112118,176,"[False, True, False, True]",5,"[7, 11, 12, 13, 15, 16, 17, 18, 20, 21, 22, 23]","['S', 10]",left,NA,32,180,0,,250311_latMaz103-adjacency.csv,240507_latent_maze_004-5x5-state_positions.csv,0,"{'N': 0.059500000000000004, 'S': 0.04675, 'W': 0.05525, 'E': 0.051}"
251121-112133,177,"[False, True, True, False]",6,"[7, 11, 12, 13, 15, 16, 17, 18, 20, 21, 22, 23]","['W', 11]",left,NA,32,90,90,,250311_latMaz103-adjacency.csv,240507_latent_maze_004-5x5-state_positions.csv,0,"{'N': 0.059500000000000004, 'S': 0.04675, 'W': 0.05525, 'E': 0.051}"
251121-112211,178,"[True, True, True, True]",1,"[7, 11, 12, 13, 15, 16, 17, 18, 20, 21, 22, 23]","['N', 2]",left,NA,32,0,180,,250311_latMaz103-adjacency.csv,240507_latent_maze_004-5x5-state_positions.csv,0,"{'N': 0.059500000000000004, 'S': 0.04675, 'W': 0.05525, 'E': 0.051}"
251121-122052,179,"[True, False, False, True]",0,"[7, 11, 12, 13, 15, 16, 17, 18, 20, 21, 22, 23]","['E', 14]",left,NA,32,270,270,,250311_latMaz103-adjacency.csv,240507_latent_maze_004-5x5-state_positions.csv,0,"{'N': 0.059500000000000004, 'S': 0.04675, 'W': 0.05525, 'E': 0.051}"
251121-122244,180,"[False, True, False, True]",5,"[7, 11, 12, 13, 15, 16, 17, 18, 20, 21, 22, 23]","['S', 10]",left,NA,32,180,0,,250311_latMaz103-adjacency.csv,240507_latent_maze_004-5x5-state_positions.csv,0,"{'N': 0.059500000000000004, 'S': 0.04675, 'W': 0.05525, 'E': 0.051}"
251121-122257,181,"[False, True, True, False]",6,"[7, 11, 12, 13, 15, 16, 17, 18, 20, 21, 22, 23]","['W', 11]",left,NA,32,90,90,,250311_latMaz103-adjacency.csv,240507_latent_maze_004-5x5-state_positions.csv,0,"{'N': 0.059500000000000004, 'S': 0.04675, 'W': 0.05525, 'E': 0.051}"
251121-122317,182,"[True, True, True, True]",1,"[7, 11, 12, 13, 15, 16, 17, 18, 20, 21, 22, 23]","['N', 2]",left,NA,32,0,180,,250311_latMaz103-adjacency.csv,240507_latent_maze_004-5x5-state_positions.csv,0,"{'N': 0.059500000000000004, 'S': 0.04675, 'W': 0.05525, 'E': 0.051}"
251121-122328,183,"[True, False, False, True]",0,"[7, 11, 12, 13, 15, 16, 17, 18, 20, 21, 22, 23]","['E', 14]",left,NA,32,270,270,,250311_latMaz103-adjacency.csv,240507_latent_maze_004-5x5-state_positions.csv,0,"{'N': 0.059500000000000004, 'S': 0.04675, 'W': 0.05525, 'E': 0.051}"
251121-122514,184,"[False, True, False, True]",5,"[7, 11, 12, 13, 15, 16, 17, 18, 20, 21, 22, 23]","['S', 10]",left,NA,32,180,0,,250311_latMaz103-adjacency.csv,240507_latent_maze_004-5x5-state_positions.csv,0,"{'N': 0.059500000000000004, 'S': 0.04675, 'W': 0.05525, 'E': 0.051}"
251121-122528,185,"[False, True, True, False]",6,"[7, 11, 12, 13, 15, 16, 17, 18, 20, 21, 22, 23]","['W', 11]",left,NA,32,90,90,,250311_latMaz103-adjacency.csv,240507_latent_maze_004-5x5-state_positions.csv,0,"{'N': 0.059500000000000004, 'S': 0.04675, 'W': 0.05525, 'E': 0.051}"
251121-122630,186,"[True, True, True, True]",1,"[7, 11, 12, 13, 15, 16, 17, 18, 20, 21, 22, 23]","['N', 2]",left,NA,32,0,180,,250311_latMaz103-adjacency.csv,240507_latent_maze_004-5x5-state_positions.csv,0,"{'N': 0.059500000000000004, 'S': 0.04675, 'W': 0.05525, 'E': 0.051}"
251121-122729,187,"[True, False, False, True]",0,"[7, 11, 12, 13, 15, 16, 17, 18, 20, 21, 22, 23]","['E', 14]",left,NA,32,270,270,,250311_latMaz103-adjacency.csv,240507_latent_maze_004-5x5-state_positions.csv,0,"{'N': 0.059500000000000004, 'S': 0.04675, 'W': 0.05525, 'E': 0.051}"
251121-122739,188,"[False, True, False, True]",5,"[7, 11, 12, 13, 15, 16, 17, 18, 20, 21, 22, 23]","['S', 10]",left,NA,32,180,0,,250311_latMaz103-adjacency.csv,240507_latent_maze_004-5x5-state_positions.csv,0,"{'N': 0.059500000000000004, 'S': 0.04675, 'W': 0.05525, 'E': 0.051}"
251121-122748,189,"[False, True, True, False]",6,"[7, 11, 12, 13, 15, 16, 17, 18, 20, 21, 22, 23]","['W', 11]",left,NA,32,90,90,,250311_latMaz103-adjacency.csv,240507_latent_maze_004-5x5-state_positions.csv,0,"{'N': 0.059500000000000004, 'S': 0.04675, 'W': 0.05525, 'E': 0.051}"
251121-123310,190,"[True, True, True, True]",1,"[7, 11, 12, 13, 15, 16, 17, 18, 20, 21, 22, 23]","['N', 2]",left,NA,32,0,180,,250311_latMaz103-adjacency.csv,240507_latent_maze_004-5x5-state_positions.csv,0,"{'N': 0.059500000000000004, 'S': 0.04675, 'W': 0.05525, 'E': 0.051}"
251121-123323,191,"[True, False, False, True]",0,"[7, 11, 12, 13, 15, 16, 17, 18, 20, 21, 22, 23]","['E', 14]",left,NA,32,270,270,,250311_latMaz103-adjacency.csv,240507_latent_maze_004-5x5-state_positions.csv,0,"{'N': 0.059500000000000004, 'S': 0.04675, 'W': 0.05525, 'E': 0.051}"
251121-123613,192,"[False, True, False, True]",5,"[7, 11, 12, 13, 15, 16, 17, 18, 20, 21, 22, 23]","['S', 10]",left,NA,32,180,0,,250311_latMaz103-adjacency.csv,240507_latent_maze_004-5x5-state_positions.csv,0,"{'N': 0.059500000000000004, 'S': 0.04675, 'W': 0.05525, 'E': 0.051}"
251121-123621,193,"[False, True, True, False]",6,"[7, 11, 12, 13, 15, 16, 17, 18, 20, 21, 22, 23]","['W', 11]",left,NA,32,90,90,,250311_latMaz103-adjacency.csv,240507_latent_maze_004-5x5-state_positions.csv,0,"{'N': 0.059500000000000004, 'S': 0.04675, 'W': 0.05525, 'E': 0.051}"
251121-123721,194,"[True, True, True, True]",1,"[7, 11, 12, 13, 15, 16, 17, 18, 20, 21, 22, 23]","['N', 2]",left,NA,32,0,180,,250311_latMaz103-adjacency.csv,240507_latent_maze_004-5x5-state_positions.csv,0,"{'N': 0.059500000000000004, 'S': 0.04675, 'W': 0.05525, 'E': 0.051}"
251121-124204,195,"[True, False, False, True]",0,"[7, 11, 12, 13, 15, 16, 17, 18, 20, 21, 22, 23]","['E', 14]",left,NA,32,270,270,,250311_latMaz103-adjacency.csv,240507_latent_maze_004-5x5-state_positions.csv,0,"{'N': 0.059500000000000004, 'S': 0.04675, 'W': 0.05525, 'E': 0.051}"
251121-124217,196,"[False, True, False, True]",5,"[7, 11, 12, 13, 15, 16, 17, 18, 20, 21, 22, 23]","['S', 10]",left,NA,32,180,0,,250311_latMaz103-adjacency.csv,240507_latent_maze_004-5x5-state_positions.csv,0,"{'N': 0.059500000000000004, 'S': 0.04675, 'W': 0.05525, 'E': 0.051}"
251121-124243,197,"[False, True, True, False]",6,"[7, 11, 12, 13, 15, 16, 17, 18, 20, 21, 22, 23]","['W', 11]",left,NA,32,90,90,,250311_latMaz103-adjacency.csv,240507_latent_maze_004-5x5-state_positions.csv,0,"{'N': 0.059500000000000004, 'S': 0.04675, 'W': 0.05525, 'E': 0.051}"
251121-124315,198,"[True, True, True, True]",1,"[7, 11, 12, 13, 15, 16, 17, 18, 20, 21, 22, 23]","['N', 2]",left,NA,32,0,180,,250311_latMaz103-adjacency.csv,240507_latent_maze_004-5x5-state_positions.csv,0,"{'N': 0.059500000000000004, 'S': 0.04675, 'W': 0.05525, 'E': 0.051}"
251121-124617,199,"[True, False, False, True]",0,"[7, 11, 12, 13, 15, 16, 17, 18, 20, 21, 22, 23]","['E', 14]",left,NA,32,270,270,,250311_latMaz103-adjacency.csv,240507_latent_maze_004-5x5-state_positions.csv,0,"{'N': 0.059500000000000004, 'S': 0.04675, 'W': 0.05525, 'E': 0.051}"
251121-125602,200,"[False, True, False, True]",5,"[7, 11, 12, 13, 15, 16, 17, 18, 20, 21, 22, 23]","['S', 10]",left,NA,32,180,0,,250311_latMaz103-adjacency.csv,240507_latent_maze_004-5x5-state_positions.csv,0,"{'N': 0.059500000000000004, 'S': 0.04675, 'W': 0.05525, 'E': 0.051}"
251121-125711,201,"[False, True, True, False]",6,"[7, 11, 12, 13, 15, 16, 17, 18, 20, 21, 22, 23]","['W', 11]",left,NA,32,90,90,,250311_latMaz103-adjacency.csv,240507_latent_maze_004-5x5-state_positions.csv,0,"{'N': 0.059500000000000004, 'S': 0.04675, 'W': 0.05525, 'E': 0.051}"
251121-125733,202,"[True, True, True, True]",1,"[7, 11, 12, 13, 15, 16, 17, 18, 20, 21, 22, 23]","['N', 2]",left,NA,32,0,180,,250311_latMaz103-adjacency.csv,240507_latent_maze_004-5x5-state_positions.csv,0,"{'N': 0.059500000000000004, 'S': 0.04675, 'W': 0.05525, 'E': 0.051}"
251121-130253,203,"[True, False, False, True]",0,"[7, 11, 12, 13, 15, 16, 17, 18, 20, 21, 22, 23]","['E', 14]",left,NA,32,270,270,,250311_latMaz103-adjacency.csv,240507_latent_maze_004-5x5-state_positions.csv,0,"{'N': 0.059500000000000004, 'S': 0.04675, 'W': 0.05525, 'E': 0.051}"
251121-130308,204,"[False, True, False, True]",5,"[7, 11, 12, 13, 15, 16, 17, 18, 20, 21, 22, 23]","['S', 10]",left,NA,32,180,0,,250311_latMaz103-adjacency.csv,240507_latent_maze_004-5x5-state_positions.csv,0,"{'N': 0.059500000000000004, 'S': 0.04675, 'W': 0.05525, 'E': 0.051}"
251121-130332,205,"[False, True, True, False]",6,"[7, 11, 12, 13, 15, 16, 17, 18, 20, 21, 22, 23]","['W', 11]",left,NA,32,90,90,,250311_latMaz103-adjacency.csv,240507_latent_maze_004-5x5-state_positions.csv,0,"{'N': 0.059500000000000004, 'S': 0.04675, 'W': 0.05525, 'E': 0.051}"
251121-130353,206,"[True, True, True, True]",1,"[7, 11, 12, 13, 15, 16, 17, 18, 20, 21, 22, 23]","['N', 2]",left,NA,32,0,180,,250311_latMaz103-adjacency.csv,240507_latent_maze_004-5x5-state_positions.csv,0,"{'N': 0.059500000000000004, 'S': 0.04675, 'W': 0.05525, 'E': 0.051}"
